Access to electricity (% of population),Access to clean fuels for cooking,Renewable-electricity-generating-capacity-per-capita,Financial flows to developing countries (US $),Renewable energy share in the total final energy consumption (%),Electricity from fossil fuels (TWh),Electricity from nuclear (TWh),Electricity from renewables (TWh),Low-carbon electricity (% electricity),Primary energy consumption per capita (kWh/person),Energy intensity level of primary energy (MJ/$2017 PPP GDP),Value_co2_emissions_kt_by_country,Renewables (% equivalent primary energy),gdp_growth,gdp_per_capita,Density(P/Km2),Land Area(Km2)
98.96687,97.3,8.79,810000.0,0.43,24.96,0.0,-0.3803742149686281,0.2796644,9961.64,4.07,-0.3182513165396614,-1.0002428977331537,-0.36858868584946874,1740.606654,18,2381741.0
98.95306,97.8,8.68,310000.0,0.51,25.94,0.0,-0.3804134535246521,0.23076923,10180.35,4.12,-0.3162512150838085,-1.0013719067140356,0.2349609172298159,1781.828908,18,2381741.0
98.93401,98.0,8.57,90000.0,0.47,27.54,0.0,-0.3796286824041708,0.93525183,10510.461,4.08,-0.3131630592105813,-0.9866626979887776,0.606376057586299,2103.381291,18,2381741.0
98.91208,98.2,8.46,140000.0,0.44,29.14,0.0,-0.3796679209601949,0.8506295,10759.022,3.96,-0.31246969343156944,-0.9884399614719555,-0.06681388430982642,2610.185422,18,2381741.0
98.88961,98.5,8.34,160000.0,0.58,31.36,0.0,-0.378490764279473,1.7235976,11113.723,3.9,-0.3099628981868824,-0.9694866963052047,0.3046012560466566,3113.094883,18,2381741.0
98.845184,99.1,6.44,2190000.0,0.31,35.91,0.0,-0.3794717281800746,0.8285005,12753.12,4.48,-0.30037308458064504,-0.9879398438581655,-0.6935769336613913,3883.2709,18,2381741.0
98.85893,99.2,7.02,400000.0,0.26,42.82,0.0,-0.37998182940838743,0.3954408,12243.156,4.42,-0.2993010295176496,-0.9960814432618884,-0.22930800821578762,4480.786318,18,2381741.0
98.88803,99.3,6.89,0.0,0.18,47.67,0.0,-0.37868695705959327,1.0379905,12710.541,4.47,-0.2957755184698585,-0.9860660915198267,-0.3918021321217489,5455.679403,18,2381741.0
98.76466,99.4,6.76,940000.0,0.18,53.36,0.0,-0.37821609438730447,1.1485735,13624.909,4.72,-0.2882338100308948,-0.9869605093245168,-0.275734900760348,5592.220115,18,2381741.0
99.002205,99.4,6.62,940000.0,0.13,55.99,0.0,-0.3793540125120024,0.5859375,14130.735,4.76,-0.28605236074609536,-1.000280856474786,-0.41501557839402914,5499.587331,18,2381741.0
99.08701,99.5,6.78,940000.0,0.07,60.15,0.0,-0.3796679209601949,0.41390726,15108.635,5.0,-0.2814014594182874,-0.9958838428706631,-0.18288111567122733,5493.056695,18,2381741.0
99.18666,99.5,7.85,890000.0,0.06,64.46,0.0,-0.3797856366282671,0.34013605,15616.311,5.05,-0.276851897802961,-0.9976087483188626,-0.20609456194350742,4177.889542,18,2381741.0
99.35025,99.6,11.88,160000.0,0.08,66.43,0.0,-0.3793147739559783,0.50921077,15295.143,4.85,-0.2775772679550155,-0.9935240083735607,-0.32216179330490835,3946.452447,18,2381741.0
99.63549,99.6,16.02,10000.0,0.14,70.86,0.0,-0.37813761727525635,0.8951049,15164.0,4.93,-0.27574784651666623,-0.9850857631839856,-0.7632172724782319,4109.698217,18,2381741.0
99.69784,99.6,16.25,50000.0,0.19,71.32,0.0,-0.37758827749091944,1.0818309,15971.084,5.19,-0.2719076548883081,-0.9816957479982025,-0.8096441650227921,4142.018558,18,2381741.0
99.5,99.7,15.93,60000.0,0.16,75.85,0.0,-0.3773528461547751,1.0953188,16259.053,5.32,-0.2688621647405748,-0.9811064958322221,-0.8328576112950724,3989.668276,18,2381741.0
95.51106,95.6,234.09,3890000.0,11.51,42.91,6.54,-0.23530927334766064,50.38733,18210.12,3.59,-0.293391398987227,0.32307054557702075,-2.088435705062047,7208.373114,17,2780400.0
96.442635,96.45,234.82,50000.0,10.82,46.73,7.03,-0.24574672925006186,46.982075,18326.521,3.97,-0.29211133260431477,0.19557464514420408,0.9863896432210667,3349.8063,17,2780400.0
96.6535,97.2,236.15,40960000.0,9.29,57.35,7.31,-0.25889164551812355,40.066883,19261.457,4.04,-0.2847936304234244,0.010263593490289479,1.0310830728259166,4277.721573,17,2780400.0
96.863846,97.5,234.67,280000.0,9.64,59.89,6.37,-0.24488348101753243,40.620663,20232.844,3.68,-0.2823348397168663,0.0605330180971444,0.9897832457162846,5109.852245,17,2780400.0
97.07606,98.1,232.56,440000.0,9.18,65.58,7.15,-0.22891338871573808,41.131058,21038.723,3.58,-0.2775826067836514,0.11563718198644085,0.8030291158836146,5919.012338,17,2780400.0
97.29279,98.3,236.6,360000.0,7.72,72.95,6.72,-0.25830306717776264,34.19035,21708.37,3.44,-0.27336372586064234,-0.12200059820923989,1.0259941222448263,7245.446857,17,2780400.0
97.516754,98.6,234.79,22940000.0,7.65,76.62,6.85,-0.25791068161752195,33.22876,21780.38,3.42,-0.2710062749199018,-0.1355144738296704,-0.1231684475118032,9020.873323,17,2780400.0
97.750656,98.9,241.83,39080000.0,8.59,74.01,7.59,-0.24449109545729178,36.362854,20954.271,3.35,-0.27669188815169554,-0.023258013109554325,-2.438885712646564,8225.137583,17,2780400.0
98.82,99.1,239.96,1040000.0,8.79,78.54,6.69,-0.24562901358198969,34.353058,21507.703,3.26,-0.27101160558812704,-0.03344040032282341,1.2854617877081718,10385.96443,17,2780400.0
99.09535,99.3,251.14,69260000.0,8.83,84.43,5.89,-0.2533982476747545,31.217922,21894.867,3.18,-0.26598735374096805,-0.09446310648134514,0.3287320264503372,12848.8642,17,2780400.0
99.22998,99.5,252.14,256070000.0,8.61,91.86,5.9,-0.25928403107836423,28.619164,22494.715,3.3,-0.265283314422225,-0.15390965236715284,-1.3032596346348586,13082.66433,17,2780400.0
99.342674,99.6,250.97,47820000.0,8.91,91.55,5.73,-0.24319622310849764,30.806438,23152.588,3.31,-0.26246184269317696,-0.09274304498510787,-0.506633530441061,13080.25473,17,2780400.0
100.0,99.7,248.74,2472850000.0,9.79,92.18,5.26,-0.24578596780608594,30.066004,22881.006,3.4,-0.26440860406243005,-0.08533129824699545,-1.6482566815872894,12334.79825,17,2780400.0
99.62539,99.7,247.37,109830000.0,9.4,97.18,6.64,-0.2473555100470485,29.472387,23046.873,3.36,-0.2612351126473425,-0.0963015571649538,-0.43099575473499435,13789.06042,17,2780400.0
99.84958,99.8,245.23,250160000.0,9.38,100.8,7.82,-0.25893088407414766,27.81438,22726.455,3.41,-0.2625098431350998,-0.158029846205675,-1.5479078603720988,12790.24247,17,2780400.0
100.0,99.8,244.82,503740000.0,10.37,99.4,5.77,-0.2495921077404202,28.267298,22503.818,3.32,-0.2645579442701705,-0.09152246913784337,-0.4107203995372272,14613.04182,17,2780400.0
99.98958,99.8,259.47,492720000.0,10.52,98.31,6.51,-0.24343165444464204,29.673082,22163.16,3.31,-0.2658486830300887,-0.05542952442369596,-1.6725799956889411,11795.15939,17,2780400.0
100.0,99.9,283.38,474460000.0,10.74,90.56,7.97,-0.24476576534946023,31.991589,20725.168,3.35,-0.27054224602451965,-0.011313544575797786,-1.5352812296355984,10056.63794,17,2780400.0
98.908226,70.3,113.51,4880000.0,2.07,16.13,0.0,-0.3746846243451387,8.611898,16123.289,14.46,-0.3454313508342775,-0.7183769585986897,1.5117003461379943,655.1199452,123,86600.0
99.221596,85.2,113.6,2230000.0,3.36,17.12,0.0,-0.3689557951656252,14.8258705,19273.648,9.28,-0.3441779539426374,-0.5750602358332456,5.425844542764744,1578.40239,123,86600.0
99.5,87.4,118.77,480000.0,2.86,19.83,0.0,-0.3708784844108044,11.155914,18724.746,6.8,-0.34393794247922416,-0.6416502935751027,6.943646889918789,2473.081819,123,86600.0
99.854225,92.1,110.83,170000.0,3.27,15.57,0.0,-0.37166325553128565,12.821948,14348.922,4.21,-0.3465994096079276,-0.5995614367566027,1.0930142660628606,4950.294791,123,86600.0
99.943794,93.1,110.41,187390000.0,4.45,14.34,0.0,-0.3672685372565905,19.211267,13958.922,3.82,-0.3472341084936421,-0.3961067502393026,0.10704196035988016,5843.533768,123,86600.0
99.9,94.0,109.22,20000.0,3.55,16.57,0.0,-0.3702506675144193,13.787722,15663.72,4.2,-0.3456500281362117,-0.5823177681489069,-1.041778627745594,7189.691229,123,86600.0
100.0,95.5,117.84,20000.0,2.12,22.03,0.0,-0.37558711113369214,5.5317326,16145.47,4.3,-0.3430045611619274,-0.8027831967163831,-0.4265046023935348,7891.313147,123,86600.0
100.0,95.9,119.91,77640000.0,2.33,21.66,0.0,-0.37429223878489803,6.9587626,17438.53,4.26,-0.3432552410928165,-0.7757645330962429,-0.8110425787749416,5500.310382,123,86600.0
100.0,96.2,121.57,10000.0,1.94,21.57,0.0,-0.3728011736559836,8.485363,17089.488,4.35,-0.3430045611619274,-0.7267230628176965,-1.7846089084585597,3880.738731,123,86600.0
100.0,96.4,121.23,20000.0,1.91,21.17,0.0,-0.3736251833324889,7.7961674,16612.637,4.37,-0.3431539033964365,-0.7514100097062255,-1.0185651814733139,4147.089716,123,86600.0
32.0,8.3,1.8,3010000.0,59.06,13.93,0.0,-0.3769604605945345,6.3214526,1053.6212,3.14,-0.3486528462648011,-0.8700269461923974,0.16376405137850064,418.0689421,"1,265",148460.0
37.85107,8.4,1.74,32180000.0,54.33,16.55,0.0,-0.37652883647826974,5.9659085,1163.1385,3.23,-0.3455700243132961,-0.8921094643550257,-0.17519190765606493,413.0802826,"1,265",148460.0
40.66426,8.6,1.71,46690000.0,52.62,17.47,0.0,-0.3762541665861013,6.0247445,1208.1465,3.2,-0.34492999272192054,-0.8990963773303431,0.03522485768749813,446.3106757,"1,265",148460.0
40.6,8.9,1.69,17170000.0,52.05,22.05,0.0,-0.3759010195818847,5.2020636,1261.467,3.1,-0.34391660758170817,-0.9031572681907122,0.15128408296341422,475.2919302,"1,265",148460.0
44.23,9.2,1.67,39380000.0,50.66,24.15,0.0,-0.37562634968971625,5.033425,1345.851,3.05,-0.3427538832684741,-0.9110235293611298,0.4522259932469755,499.4619402,"1,265",148460.0
50.5251,9.8,1.67,20000.0,48.69,27.86,0.0,-0.3751947255734515,4.7521367,1438.764,3.05,-0.3410524630174751,-0.9184467231664437,0.48378700408414604,509.6401899,"1,265",148460.0
46.5,10.3,1.66,50500000.0,47.19,28.45,0.0,-0.37766675460296756,2.6018488,1458.1193,2.98,-0.33993774018088263,-0.9205787373483995,0.5735520952948352,558.0518407,"1,265",148460.0
54.735516,11.0,1.68,10000.0,45.2,31.36,0.0,-0.37688198348248636,2.970297,1528.589,2.94,-0.33802297708836543,-0.9038145449495574,0.3310157806154786,634.9870697,"1,265",148460.0
57.568848,11.8,1.72,26970000.0,43.1,34.6,0.0,-0.3788046727276655,1.3401768,1660.9723,2.94,-0.33633222632356025,-0.9630135323747584,0.1061552594068021,702.2644196,"1,265",148460.0
55.26,12.7,1.8,180000.0,40.28,37.65,0.0,-0.3773528461547751,2.182385,1685.9304,2.93,-0.33322273555281706,-0.933571883964264,0.22841198340875934,781.1535777,"1,265",148460.0
59.6,13.7,1.79,236740000.0,38.41,40.67,0.0,-0.37676426781441413,2.3763802,1806.3944,2.85,-0.33117463444974793,-0.9263621275217937,0.43561310053622754,861.7621622,"1,265",148460.0
66.15557,14.7,1.92,149130000.0,37.31,44.91,0.0,-0.3769996991505585,2.0287957,1938.1482,2.77,-0.3292705367685529,-0.9368438051019176,0.44886325627845886,883.1171296,"1,265",148460.0
61.5,15.8,2.16,112940000.0,37.08,48.94,0.0,-0.37633264369814945,2.1982415,1991.1696,2.73,-0.32787846843533003,-0.9399408303933033,0.33097304442875697,981.8608514,"1,265",148460.0
62.4,17.1,2.3,90490000.0,35.32,51.78,0.0,-0.3774705618228473,1.5402168,2040.6984,2.66,-0.3261557132921486,-0.9518080875000003,0.3419886838146003,1118.873808,"1,265",148460.0
74.90374,18.3,2.45,7700000.0,31.93,54.76,0.0,-0.37739208471079916,1.4930743,2440.7686,2.69,-0.3216968219404451,-0.9374474332168968,0.45610146370979593,1248.45331,"1,265",148460.0
75.92,19.3,2.52,418430000.0,30.49,63.57,0.0,-0.3756655882457403,1.9586676,2415.728,2.61,-0.32052876593493423,-0.9384738382909723,0.5862913690472371,1401.564635,"1,265",148460.0
88.0,20.6,2.65,246620000.0,28.36,67.59,0.0,-0.37546939546562,1.9155419,2494.115,2.5,-0.31788329997403425,-0.9310914554062346,0.6259158420444056,1563.767819,"1,265",148460.0
91.8,21.9,2.72,235500000.0,26.88,72.56,0.0,-0.37515548701742746,1.8929151,2630.0278,2.3,-0.3156911893474508,-0.9433911582002387,0.7604561382599352,1698.132081,"1,265",148460.0
92.2,23.4,2.93,137390000.0,24.75,78.37,0.0,-0.37617568947405317,1.4337819,2916.3176,2.36,-0.3118029932182988,-0.9493930564620935,0.8275268806589438,1855.740094,"1,265",148460.0
94.391716,89.0,364.68,126500000.0,42.66,28.87,4.94,0.8309200094942513,91.57278,13400.32,3.88,-0.19290100924137485,2.6033917796521284,-0.046397787380117184,3749.910848,25,8515770.0
96.016525,89.7,367.36,5290000.0,41.33,35.19,14.27,0.6933496320738802,89.111,12893.828,3.9,-0.18985552266715472,2.255159739601558,-0.7423492190349799,3160.249345,25,8515770.0
96.65299,90.1,374.1,33350000.0,42.85,33.5,13.84,0.7688446138641809,90.15546,13021.791,3.89,-0.19071956091662376,2.392310528382504,-0.3561783463986105,2839.491501,25,8515770.0
96.980095,90.6,387.32,7530000.0,45.11,31.62,13.4,0.8509709116225485,91.18975,13111.923,3.91,-0.1944264206094024,2.519660026411783,-0.8001663472764173,3070.436419,25,8515770.0
96.76511,91.1,392.57,1140000.0,45.18,40.14,11.6,0.9119868662399692,89.46926,13593.7,3.9,-0.18498061657468193,2.519829272926123,0.2720942222944591,3637.31389,25,8515770.0
97.09351,91.6,399.88,11720000.0,46.13,39.56,9.2,0.9807720549501546,90.00303,13792.465,3.88,-0.18328985768680137,2.5914917487499696,-0.3216668682380467,4790.456566,25,8515770.0
97.594315,92.1,412.49,1220000.0,46.67,39.4,12.98,1.0301733969844522,90.43527,14020.683,3.86,-0.1811937561098078,2.583176409045146,-0.14527795374035202,5886.391522,25,8515770.0
98.12538,92.6,427.18,910000.0,47.19,37.64,11.65,1.1413362262006277,91.390076,14770.351,3.84,-0.17215863348616411,2.694417474051886,0.3440340781349978,7348.187963,25,8515770.0
98.52663,93.1,432.21,19530000.0,47.04,55.87,13.21,1.132429073983165,87.71251,15255.087,3.86,-0.16092073079774552,2.60992344451567,0.11754624930854847,8831.183643,25,8515770.0
98.85694,93.6,438.04,174490000.0,48.92,36.32,12.22,1.2286420133541718,92.08145,15004.24,3.74,-0.17352403424287793,2.8552103334328756,-1.0941973757383587,8597.794335,25,8515770.0
98.6,94.0,457.6,135380000.0,46.81,61.02,13.77,1.3301129192324035,88.053566,16220.931,3.85,-0.147960085158759,2.683271382178881,0.6825685814994811,11286.07154,25,8515770.0
99.32869,94.3,470.43,187660000.0,45.26,50.27,14.8,1.4334280372437658,90.468155,16629.84,3.75,-0.13709020226813018,2.6552184806225854,-0.14239150794110544,13245.38737,25,8515770.0
99.51949,94.7,482.3,228480000.0,43.49,77.21,15.17,1.403842166001621,85.88896,16963.494,3.82,-0.11793189779255972,2.501505127901064,-0.6190209189439496,12370.22325,25,8515770.0
99.57515,95.0,496.6,93260000.0,42.32,112.0,14.65,1.3334481964944487,80.12387,17221.44,3.88,-0.10053903046915062,2.3156030057232977,-0.3674691779401294,12300.38671,25,8515770.0
99.650246,95.2,524.97,489030000.0,41.71,136.58,14.46,1.3098265857679618,76.527,17519.043,3.98,-0.08732236608130631,2.2335766403897686,-0.9480065790769021,12112.83496,25,8515770.0
99.7109,95.4,550.89,2300000.0,43.62,128.85,13.91,1.301939636007125,77.456825,17140.15,4.05,-0.10133907072507535,2.3795436718598535,-1.888085954194108,8813.989806,25,8515770.0
99.7,95.7,588.73,161960000.0,45.46,93.06,14.97,1.4375480856262928,83.713684,16591.764,4.03,-0.12174543602645575,2.62425720694498,-1.8254452849167275,8710.06329,25,8515770.0
99.8,95.7,617.89,521620000.0,45.33,101.9,14.86,1.4415896568967712,82.4661,16608.686,4.05,-0.116726514900858,2.6027452246182805,-0.757908576914963,9928.675897,25,8515770.0
99.7,95.8,652.03,256430000.0,46.95,86.69,14.79,1.5524778162207784,85.409164,16539.11,3.93,-0.12872711873972895,2.836173685594242,-0.650941548776619,9151.381732,25,8515770.0
99.8,95.8,684.92,50980000.0,47.57,90.91,15.16,1.6306802583767397,85.30534,16681.945,3.93,-0.12856177836690225,2.93825067714444,-0.7374148340252211,8897.552966,25,8515770.0
97.0218,42.0,58.78,243620000.0,29.63,1113.3,16.74,0.5044159848180084,17.874004,9334.936,10.85,1.4247057178145406,-0.5340474116689499,0.9058511972503382,959.3724836,153,9596960.0
97.27279,42.3,61.01,325050000.0,28.36,1182.59,17.47,0.7208950984027739,20.1379,9797.812,10.36,1.52207061696058,-0.45386800103107994,0.8700189382981279,1053.108243,153,9596960.0
97.516205,43.1,63.68,218270000.0,27.0,1337.46,25.13,0.762801876236475,19.137848,10602.087,10.12,1.6719341891686503,-0.48205925952853235,1.0552384021272156,1148.50829,153,9596960.0
97.75438,43.4,70.24,22510000.0,23.86,1579.96,43.34,0.7465963525985361,17.304693,12273.32,10.48,1.995070500272585,-0.5637127155963754,1.2651807382520341,1288.643252,153,9596960.0
97.98967,44.9,77.85,32680000.0,20.17,1795.41,50.47,1.0218548231073505,18.513056,14272.745,10.83,2.3731746817487416,-0.5387150304400635,1.2827279912102671,1508.668098,153,9596960.0
98.22443,46.3,86.43,155060000.0,17.44,2042.8,53.09,1.2060406050843107,18.296497,16114.158,10.72,2.7464254942161146,-0.5425884411837835,1.5800853737421137,1753.417829,153,9596960.0
98.46105,47.7,96.27,127720000.0,16.39,2364.16,54.84,1.372215889846225,17.50206,17552.816,10.41,3.0732901182522983,-0.5406290667837219,1.8879801357581554,2099.229435,153,9596960.0
98.7022,49.4,109.0,24770000.0,14.88,2718.7,62.13,1.5840648538201505,17.151705,18955.008,9.81,3.3696836778645394,-0.5289108216450451,2.2384811820505877,2693.970063,153,9596960.0
98.95058,51.1,128.8,142770000.0,14.14,2762.29,68.39,2.2290289991877033,20.981703,19560.7,9.18,3.479779842681101,-0.399672182350523,1.1752630919865952,3468.304602,153,9596960.0
99.2089,53.5,150.78,58540000.0,13.43,2980.2,70.05,2.2263215388220425,19.7715,20281.068,8.95,3.75684430437056,-0.42744656917489426,1.1167760508454716,3832.236432,153,9596960.0
99.7,55.6,170.41,131240000.0,12.26,3326.19,74.74,2.7049926837596088,20.564993,21551.547,8.93,4.159984641600328,-0.3707142704921743,1.4039601400842223,4550.453108,153,9596960.0
99.848724,58.0,194.62,43040000.0,11.34,3811.77,87.2,2.7285358173740475,18.748974,23090.885,8.75,4.59074225379218,-0.41505135465338844,1.1520852224099374,5614.352135,153,9596960.0
99.96193,60.7,218.25,100650000.0,11.53,3869.38,98.32,3.5414802210806213,22.102327,23873.234,8.41,4.72905337964482,-0.2951286938149788,0.7604521615644543,6300.615118,153,9596960.0
99.996445,63.2,258.3,301710000.0,11.45,4203.77,111.5,3.9095771151423726,22.276764,24600.36,8.05,4.965172031715332,-0.25870951185422286,0.7377990064059904,7020.338485,153,9596960.0
100.0,66.0,296.29,229420000.0,11.94,4345.86,133.22,4.678103473429705,24.659735,25072.023,7.69,4.9769590818754095,-0.1555017368192952,0.6587835825741943,7636.116601,153,9596960.0
100.0,68.4,340.55,92000000.0,12.18,4222.76,171.38,5.0878717139890135,27.040327,25209.49,7.21,4.899317675963754,-0.1062978565851154,0.5695430221633392,8016.431435,153,9596960.0
100.0,70.6,382.59,1245180000.0,12.56,4355.0,213.18,5.594559187927762,28.500713,25164.803,6.71,4.9065503316253265,-0.04431453055554292,0.5248416607560322,8094.363367,153,9596960.0
100.0,73.2,436.9,372490000.0,13.13,4643.1,248.1,6.1606538356869445,29.20226,25987.611,6.51,5.02460939951426,0.006365546123422786,0.5476926494926037,8816.986905,153,9596960.0
100.0,75.6,487.16,318260000.0,13.71,4990.28,295.0,6.820881779347858,29.917704,27109.42,6.39,5.241644277472707,0.06210617695384058,0.5018630479738729,9905.342004,153,9596960.0
100.0,77.6,529.28,201540000.0,14.45,5098.22,348.7,7.524232896079218,31.672895,28277.445,6.31,5.350604448062356,0.12118129760743766,0.3161416428137877,10143.83817,153,9596960.0
94.9055,79.7,223.19,90000.0,28.8,10.25,0.0,-0.24790484983138542,76.746826,7834.471,2.83,-0.3299212368274044,1.719985086487029,-0.4837319138745733,2396.627127,46,1138910.0
95.12935,80.7,215.58,10000.0,30.7,9.6,0.0,-0.23939008317416335,78.94737,7863.652,2.78,-0.33027325446000727,1.7780607356066773,-0.15542613078098447,2281.401762,46,1138910.0
96.8,82.4,211.95,223460000.0,29.08,9.71,0.0,-0.22510724878140378,80.32422,7917.907,2.65,-0.32945721404966344,1.9168259527145657,0.05592979140446704,3414.465158,46,1138910.0
95.79303,83.0,209.72,1940000.0,29.69,10.13,0.0,-0.2134926361982806,80.788925,9024.093,2.62,-0.32943054644648634,1.8408892937359467,0.4942246323719611,3741.092837,46,1138910.0
96.019844,83.8,208.15,790000.0,30.42,9.93,0.0,-0.20693979734226178,81.67896,9058.002,2.44,-0.32863583889622267,1.9276003692373578,0.4991751302990465,4714.073055,46,1138910.0
96.80676,84.6,205.86,15930000.0,29.97,8.77,0.0,-0.19940599458564137,84.04294,9322.767,2.48,-0.32831582360989386,1.8241055421093884,-0.3027910577515314,5472.53653,46,1138910.0
96.05723,85.4,204.03,10000.0,30.91,14.77,0.0,-0.21945689671393848,73.55417,9111.861,2.55,-0.32712643067476477,1.6103659533472763,-0.80044034811803,5193.241458,46,1138910.0
96.788994,86.3,208.97,3470000.0,29.75,15.96,0.0,-0.22110491606694918,71.81208,9474.296,2.4,-0.32629972078356073,1.5031730481946302,-0.021626828662567966,6336.709474,46,1138910.0
96.6936,87.0,217.2,780000.0,28.91,10.11,0.0,-0.18912549290733638,82.84114,9794.911,2.3,-0.3233449069850899,1.8719835468176773,0.5478530982797584,7335.166934,46,1138910.0
97.03217,87.6,216.6,1840000.0,28.9,12.96,0.0,-0.19395183529829638,78.59267,10308.172,2.14,-0.32302489169342746,1.6410795268307408,-0.15673447241531163,8050.255372,46,1138910.0
97.77942,88.45,216.82,310000.0,32.29,21.71,0.0,-0.1825726540513176,69.92658,10490.081,2.66,-0.31920603091971517,1.4442344085971788,0.12678475336967185,8218.347844,46,1138910.0
97.79094,89.1,237.49,55290000.0,32.38,20.99,0.0,-0.19206838460914125,69.60174,10938.481,2.58,-0.3179579700725709,1.359159104825503,-0.020612161961972575,8114.343921,46,1138910.0
98.1869,89.75,247.42,23220000.0,31.6,27.22,0.0,-0.18837996034287915,64.28759,10259.04,2.53,-0.31740860567799717,1.330556694019937,-0.3788254964706581,6175.87603,46,1138910.0
98.4,90.7,246.63,1454760000.0,30.74,25.02,0.0,-0.18626107831757968,66.44314,11435.303,2.58,-0.31610187488673525,1.3044773068680535,-0.5804386584191263,5870.777957,46,1138910.0
98.5,91.2,246.81,184770000.0,32.53,16.07,0.0,-0.1397633894290629,79.25381,11368.834,2.44,-0.3202034159055085,1.7313659557907641,-0.7494375692782926,6376.706716,46,1138910.0
98.5,92.0,247.06,144250000.0,30.72,19.11,0.0,-0.1449036402682154,75.868164,11332.247,2.29,-0.3182833201019966,1.6622074946524874,-0.4697240343366352,6729.583332,46,1138910.0
99.75592,92.5,245.49,152510000.0,30.72,23.84,0.0,-0.16754428709410077,69.49456,11221.787,2.51,-0.3169765852411966,1.486357281463881,-0.30333178735844313,6424.979492,46,1138910.0
93.73226,87.8,135.21,2220000.0,19.43,2.82,0.0,-0.3511022521746758,72.753624,8246.84,3.27,-0.34843950219655445,0.7963304883670527,-0.8115473045588195,1445.279324,71,283561.0
94.02462,88.75,134.56,2140000.0,17.05,3.74,0.0,-0.3531818956439512,65.17691,8211.651,3.35,-0.3472661098211982,0.6361237388362178,-0.1328259846877557,1894.616196,71,283561.0
94.30939,89.8,132.83,830000.0,17.1,4.1,0.0,-0.3514161606228683,64.50217,7965.1455,3.48,-0.3473087785921787,0.7530810006489783,-0.11398902538559419,2172.101877,71,283561.0
94.973045,90.6,130.59,360000.0,16.55,4.11,0.0,-0.35275027152768645,63.368984,8014.88,3.73,-0.34704743223124945,0.6228749049246978,-0.4329184063332858,2425.851842,71,283561.0
94.86557,91.1,130.98,310000.0,16.73,5.59,0.0,-0.35121996784274795,57.295647,8426.991,3.54,-0.34623672452656673,0.55629866203379,0.8410688549556085,2691.277685,71,283561.0
95.83265,91.7,132.24,8400000.0,16.16,5.09,0.0,-0.3529072257517827,58.14145,8767.223,3.65,-0.3451486703118693,0.3780228878394136,0.16330292764289034,3002.138604,71,283561.0
96.31526,92.3,133.33,10000.0,14.19,6.17,0.0,-0.35180854618310897,54.363903,9114.504,3.43,-0.3441299524659958,0.3492597345315574,-0.04278183117562882,3328.884156,71,283561.0
97.20657,93.05,148.98,2770000.0,15.32,6.68,0.0,-0.33521063698492953,63.417305,9883.912,3.07,-0.34329790986913067,0.880002713523044,0.41071702227180845,4249.01897,71,283561.0
96.47086,93.3,146.77,1270000.0,12.87,8.36,0.0,-0.3430975867457665,53.374233,9482.964,3.39,-0.3417991680723792,0.5725011394248887,-0.9334898526719695,4231.619235,71,283561.0
97.46214,93.6,156.29,2811680000.0,11.79,9.77,0.0,-0.3453341844391382,47.948853,10353.473,3.47,-0.3403324276031839,0.3229869227918563,-0.2466487615521508,4633.591284,71,283561.0
96.872696,93.9,153.38,394900000.0,13.15,8.47,0.0,-0.3358776924373386,57.394367,10805.037,3.38,-0.34041243244481745,0.5949782437466656,0.761474590841483,5200.555108,71,283561.0
97.19493,94.0,153.01,26490000.0,13.2,9.57,0.0,-0.33144373560661927,56.716415,11233.192,3.17,-0.3404177651504785,0.6484405497015234,0.24470175910759911,5682.046108,71,283561.0
98.034676,94.1,152.03,331000000.0,11.85,10.98,0.0,-0.33568149965721833,51.06952,11416.987,3.21,-0.3390256947798198,0.44312501860221504,0.08326366129945649,6056.331213,71,283561.0
98.97607,94.3,152.96,509020000.0,12.18,11.36,0.0,-0.33320947062770223,51.556503,11816.219,3.38,-0.3379056392322326,0.4346776999652724,-0.18546510906843747,6377.093929,71,283561.0
98.82588,94.4,160.29,31740000.0,13.07,11.34,0.0,-0.32673510888373153,54.78469,11610.723,3.26,-0.3380549794293058,0.6317781886783543,-1.042040334281792,6124.490887,71,283561.0
98.7,94.4,281.35,134670000.0,14.75,10.77,0.0,-0.3164153686494025,60.316883,11399.546,3.16,-0.3389670248357023,0.9642511271817983,-1.3496780614676978,6060.092962,71,283561.0
99.2,94.4,280.86,36680000.0,17.05,7.4,0.0,-0.30044527634760815,73.41954,11658.197,3.18,-0.3396390597867362,1.356755637576532,-0.5152079402849411,6213.503127,71,283561.0
98.7,94.5,308.23,890000.0,16.33,7.97,0.0,-0.2980124858741161,72.54564,12100.159,3.1,-0.33879101703545195,1.2776413961343345,-0.7657029838580766,6295.934662,71,283561.0
99.09,94.45,303.72,60120000.0,17.73,7.09,0.0,-0.2817677236801533,78.04273,12160.402,3.26,-0.3392443723644349,1.6429875936914302,-1.062182062436765,6222.524653,71,283561.0
58.721474,22.3,23.66,485730000.0,46.88,475.35,15.77,-0.06568099565562865,16.808134,3518.6821,6.42,0.1400170756557295,-0.4740720829789284,-0.17336565546464627,443.3141938,464,3287263.0
55.8,23.4,24.81,193140000.0,47.11,491.01,18.89,-0.08169032651344707,16.222763,3469.8364,6.22,0.148380163130996,-0.5060675779181558,0.054816742868687374,451.5729973,464,3287263.0
62.3,24.7,24.54,17160000.0,45.75,517.51,19.35,-0.09507067411765315,15.112197,3519.7168,6.16,0.16539969268236213,-0.5278022152897804,-0.18195830666674165,470.9867868,464,3287263.0
64.047485,25.9,27.23,10700000.0,45.63,545.36,18.14,-0.08781154125320118,14.53779,3583.3396,5.84,0.1794377365331974,-0.5367873209789903,0.7596733567096496,546.7266135,464,3287263.0
64.4,27.3,29.38,399430000.0,44.92,567.86,21.26,0.04783614692199075,18.68198,3826.2053,5.73,0.21885306594239978,-0.3836494564298273,0.774194559827696,627.7742417,464,3287263.0
67.57981,28.6,31.68,175340000.0,44.16,579.32,17.73,0.04104787672982753,17.770964,3987.0566,5.52,0.24594772367442475,-0.43088276531474545,0.7743092361093566,714.8610154,464,3287263.0
67.9,29.5,34.85,160980000.0,43.16,599.24,17.63,0.11987813578217367,19.503513,4136.6675,5.39,0.28794449817516515,-0.3631905792738622,0.8061817509676685,806.7532806,464,3287263.0
71.119865,30.55,36.69,465640000.0,41.53,636.68,17.83,0.17555764678032157,20.041193,4423.9287,5.31,0.3527637751776317,-0.3507342859363929,0.713347115114647,1028.334772,464,3287263.0
72.89938,32.0,39.3,369350000.0,39.37,674.27,15.23,0.16441389686948715,18.60673,4616.339,5.43,0.399507468530863,-0.40063944702314647,-0.34846307827225953,998.5223415,464,3287263.0
75.0,34.0,39.61,210650000.0,37.41,728.56,16.82,0.14644263821046555,17.181797,4892.3794,5.5,0.4744445725024793,-0.4659615148819234,0.7600232662169762,1101.960838,464,3287263.0
76.3,35.4,42.34,372820000.0,36.16,771.78,23.08,0.17893216259839118,17.674166,5033.775,5.34,0.5251671113941029,-0.45678212586642386,0.9075901852223957,1357.563727,464,3287263.0
67.6,37.2,46.43,1950940000.0,35.01,828.16,32.22,0.30061092482901597,19.907156,5236.977,5.28,0.5767750468365558,-0.3802733636457338,0.15169776770022234,1458.104066,464,3287263.0
79.9,39.6,47.76,1119110000.0,34.75,893.45,33.14,0.26776825343687377,18.170246,5447.3413,5.29,0.6582191187550448,-0.44480831015382605,0.20162379756651932,1443.882435,464,3287263.0
81.99933,41.6,49.57,586410000.0,34.85,924.93,33.31,0.3566435828313805,19.300434,5555.5483,5.11,0.6918155361718765,-0.39458661639892184,0.4174433042689064,1449.610451,464,3287263.0
83.8725,44.8,55.41,699800000.0,33.85,1025.29,34.69,0.412126901049408,18.758022,5857.2837,5.08,0.7849829190432532,-0.3933634559989753,0.6551771297224753,1573.885642,464,3287263.0
88.0,48.2,59.9,898770000.0,33.4,1080.44,38.31,0.41671781210422365,18.269842,5988.8335,4.82,0.7908018321023443,-0.40667726223001505,0.7912140023904056,1605.605445,464,3287263.0
89.2178,51.4,68.18,2112780000.0,33.02,1155.52,37.9,0.43633709011625604,17.558842,6184.2495,4.54,0.8106588205871926,-0.42112143508244904,0.8515809677642083,1732.554242,464,3287263.0
92.12495,55.8,78.55,861450000.0,32.41,1198.85,37.41,0.5410647961444849,18.509884,6346.3545,4.47,0.877414132605857,-0.37939528271517436,0.5124506049471269,1980.66702,464,3287263.0
95.7,59.8,87.32,1764130000.0,32.82,1276.32,39.05,0.653718690489575,19.16807,6633.665,4.4,0.9475616729125407,-0.34596862924596244,0.45153982002457915,1996.915087,464,3287263.0
97.308266,63.9,93.89,786330000.0,32.93,1273.59,45.16,0.8089071795647511,21.475914,6731.805,4.28,0.9498925192612747,-0.2678639974540409,-0.12680806425353908,2100.751461,464,3287263.0
97.32463,82.2,17.94,23850000.0,0.35,26.23,0.0,-0.3789616269517617,1.6129032,11233.329,8.1,-0.3168485799416394,-0.6275033692929045,-9.574612648478766,854.8252808,93,438317.0
97.62211,89.1,72.32,43260000.0,2.56,26.07,0.0,-0.3569487970222614,18.810339,10367.605,5.12,-0.3159525346949957,-0.6106106162412973,0.24570823239019823,2373.209448,93,438317.0
98.1,90.9,72.84,35230000.0,2.0,25.85,0.0,-0.3583613850391278,18.01459,10543.257,4.94,-0.31931803606485326,-0.6494377342259845,-0.6272857981417561,3182.841351,93,438317.0
97.971436,92.6,80.07,80000.0,1.15,31.35,0.0,-0.3671115830324942,9.913794,11838.88,4.93,-0.3131897288458606,-0.8070976155203279,0.8450351477948345,4636.639325,93,438317.0
98.11988,93.9,78.5,150000.0,1.21,39.83,0.0,-0.3681317854891199,7.415156,11209.113,5.12,-0.3099575675133236,-0.8115865333166445,-0.28054029445253326,3853.82862,93,438317.0
98.28097,95.0,76.47,158470000.0,1.67,41.49,0.0,-0.36212828641743794,10.214239,12167.795,5.32,-0.30230384578481195,-0.7857801749751864,0.4212638763240996,4657.280269,93,438317.0
99.3,96.7,58.49,2250000.0,1.3,39.13,0.0,-0.3635801129903284,10.0046,12609.8,5.26,-0.2913966319491213,-0.7702967618265671,2.1701336557689213,6836.073995,93,438317.0
99.098434,97.7,55.27,20000.0,1.0,60.94,0.0,-0.3690342722776734,4.632238,12829.746,4.82,-0.2887085002627274,-0.8607187047197975,-1.0192577058946102,6637.684375,93,438317.0
99.6043,98.3,63.12,260570000.0,0.94,72.06,0.0,-0.3673077758126145,4.505698,13748.048,4.12,-0.28434027918531396,-0.8525631487315916,2.1355323543386793,4550.658638,93,438317.0
99.87207,98.7,61.54,112960000.0,0.57,80.07,0.0,-0.3719771639794782,2.6859505,15090.169,4.74,-0.27748659773939505,-0.9118573060563588,-1.4874188440368892,4985.452879,93,438317.0
98.00713,82.4,109.89,2450000.0,12.17,141.8,7.81,-0.20599807199768425,26.952402,17300.662,3.6,-0.15796058446428887,-0.4094909396759612,0.08232176364596669,7157.8145,66,1964375.0
97.13832,83.1,109.6,3430000.0,11.34,153.32,8.29,-0.2254211572295963,23.785852,16898.29,3.72,-0.15814726052400463,-0.4771553792932126,-1.1588649588794249,7544.568723,66,1964375.0
97.89709,84.1,108.14,14190000.0,10.68,159.81,9.26,-0.2406849555229575,21.944904,17044.275,3.76,-0.15432306810068444,-0.5513794636411049,-1.0742413512072782,7593.137345,66,1964375.0
97.400856,84.6,107.95,260000.0,10.17,160.45,9.98,-0.25465388146752455,20.78108,16996.574,3.97,-0.1443545652317979,-0.6177927296422431,-0.7292368067759701,7075.369643,66,1964375.0
98.5977,84.9,115.29,530000.0,10.21,173.66,8.73,-0.23079683940489318,21.271194,17731.264,3.89,-0.13933564405286414,-0.5635349067091171,-0.15488783278256976,7484.486399,66,1964375.0
98.93273,85.3,113.91,33670000.0,10.31,178.76,10.32,-0.21470903143502662,22.738472,19153.719,4.01,-0.12968716053984453,-0.5493536328880478,-0.5292705206840785,8277.671564,66,1964375.0
99.11416,85.3,114.91,32770000.0,9.82,182.76,10.4,-0.20945106492780194,22.817688,19171.469,3.9,-0.12109473597827143,-0.5399534230263007,-0.02152958219704079,9068.294218,66,1964375.0
97.91057,85.4,120.37,160000.0,9.46,191.83,9.95,-0.2152976097753876,21.355362,19098.814,3.8,-0.11639049537990478,-0.5713465087589428,-0.5330685543400172,9642.680517,66,1964375.0
98.91404,85.4,116.59,6690000.0,9.77,184.51,9.36,-0.17182128970072383,25.326805,19633.797,3.78,-0.11509443405883597,-0.44740728630729437,-0.7995266803365519,10016.57121,66,1964375.0
98.19821,85.2,117.43,4420000.0,9.17,194.75,10.11,-0.2213795859591176,20.65594,19065.637,3.9,-0.12105739687279904,-0.5924371839866679,-2.2919954493505688,8002.972178,66,1964375.0
99.236694,85.0,118.46,82310000.0,9.36,207.38,5.66,-0.1790804225651758,21.568775,18870.824,3.68,-0.11332367439885999,-0.48183953086422454,0.12309953125925502,9271.398396,66,1964375.0
99.02815,84.85,116.51,1020000.0,9.07,219.88,9.66,-0.18170940581878814,21.538681,19447.846,3.72,-0.10504059158921816,-0.5148776176808572,-0.21468169623796174,10203.4213,66,1964375.0
99.11163,84.6,125.94,366050000.0,8.97,229.14,8.41,-0.1954429004272108,19.529411,19349.783,3.68,-0.10074703245526434,-0.5502922006886339,-0.21948345586513307,10241.72783,66,1964375.0
99.1477,84.6,127.71,70970000.0,9.23,231.23,11.38,-0.2053702551012992,19.510582,19108.69,3.64,-0.10645933161649065,-0.5838088049284479,-0.7506606639417396,10725.18359,66,1964375.0
99.17293,84.6,137.66,387450000.0,9.76,223.43,9.3,-0.15518414194652036,23.005617,18757.031,3.47,-0.11365969391981322,-0.4448239008425855,-0.40346149058663905,10928.91601,66,1964375.0
99.0,84.6,141.93,226340000.0,9.19,234.28,11.18,-0.174960374182649,21.35088,18335.252,3.3,-0.1086514340773299,-0.5010870031663129,-0.3005381134008203,9616.645558,66,1964375.0
99.5,84.8,152.63,455350000.0,9.22,239.78,10.27,-0.17280225360132545,20.869911,18538.975,3.21,-0.10775539288422345,-0.4944814451078654,-0.4543548428655902,8744.515559,66,1964375.0
100.0,84.8,155.98,502060000.0,9.99,242.69,10.57,-0.1613838337983226,21.495113,18689.648,3.07,-0.10867811184635184,-0.4743695066317652,-0.5744619776007502,9287.849587,66,1964375.0
99.5,84.8,175.36,300340000.0,10.03,259.92,13.32,-0.15000465255134382,21.71556,18269.648,3.09,-0.11881727764921572,-0.42712730188326076,-0.5554581528506151,9686.984927,66,1964375.0
99.6,84.9,201.04,338650000.0,10.34,248.2,10.88,-0.1491414043188144,21.969315,17903.295,3.06,-0.12057737597274124,-0.41783876970917827,-1.1059868938535733,9950.45008,66,1964375.0
69.56738,90.6,42.62,260000.0,15.26,11.36,0.0,-0.37762751604694356,6.3478975,4113.667,3.63,-0.34266321154877794,-0.8415542048960697,-0.6209483323164748,1334.943464,83,446550.0
71.3479,91.3,42.15,1480000.0,15.12,13.13,0.0,-0.3764503593662216,7.535212,4386.623,3.58,-0.340855120570388,-0.7995339137590444,0.6342246380648114,1339.294077,83,446550.0
73.120834,92.0,41.7,13440000.0,14.94,14.13,0.0,-0.37660731359031785,6.794195,4439.7236,3.53,-0.34021508771494885,-0.8118396193850842,-0.34039603520603967,1416.488396,83,446550.0
74.88853,92.7,44.57,550000.0,15.71,14.84,0.0,-0.3742137616728499,9.951457,4397.996,3.32,-0.3403324276031839,-0.7007807069815623,0.3187991000365503,1725.457466,83,446550.0
78.2,93.2,44.11,153490000.0,23.0,15.71,0.0,-0.3736251833324889,10.228572,4946.6387,3.75,-0.3383376596690332,-0.716085577563452,0.04856120611641069,1952.902534,83,446550.0
78.41762,94.0,43.65,186110000.0,20.15,17.59,0.0,-0.3760187352499569,6.286627,5301.4736,3.84,-0.3369562567471324,-0.8321241476194781,-0.300889064495481,2018.025547,83,446550.0
96.5,94.35,43.18,70280000.0,18.14,18.1,0.0,-0.37605797380598094,6.0716133,5340.5317,3.63,-0.3361988862809061,-0.8374135347304924,0.6933409732173333,2196.011276,83,446550.0
81.95443,95.0,44.64,180550000.0,16.46,18.15,0.0,-0.3759794966939328,6.153051,5226.2114,3.62,-0.33547885086661494,-0.8347503949723755,-0.24518736298836533,2499.259938,83,446550.0
83.73233,95.6,44.14,226260000.0,14.62,18.42,0.0,-0.37586178102586065,6.211813,5694.0356,3.55,-0.3342627882908729,-0.8474726387808277,0.3100048091796965,2890.360715,83,446550.0
85.520164,96.0,47.6,121030000.0,14.26,17.09,0.0,-0.3691519879457455,14.635365,5486.076,3.43,-0.3341987856410943,-0.6128542580873175,-0.0798697483815823,2866.92411,83,446550.0
92.67138,96.5,48.27,8470000.0,13.92,19.54,0.0,-0.36456107689093,17.343487,6005.15,3.47,-0.3325933724235838,-0.5148358229628084,-0.17923244545331066,2839.92612,83,446550.0
93.446434,96.7,48.68,218320000.0,11.88,22.3,0.0,-0.3700937132903231,10.764306,6222.626,3.55,-0.33036392674506515,-0.7018840108351952,0.15271504962767465,3046.947854,83,446550.0
94.21052,97.1,48.03,914040000.0,10.93,24.97,0.0,-0.37115315430297285,8.835341,6249.124,3.5,-0.32922253427319337,-0.7460759098338119,-0.36627633364705764,2912.658275,83,446550.0
97.2,97.3,54.48,5890000.0,11.59,22.59,0.0,-0.3642079298867134,15.646004,6330.0835,3.36,-0.32948388165284054,-0.5795978182553853,-0.012163814130881034,3121.680081,83,446550.0
91.6,97.4,62.68,1433570000.0,11.14,24.13,0.0,-0.36648376613610917,13.013699,6336.756,3.32,-0.32889718627586984,-0.6339435910151013,-0.4453105355319468,3171.699192,83,446550.0
97.3,97.7,66.56,234280000.0,11.25,25.09,0.0,-0.3631877274300877,15.064318,6368.3936,3.25,-0.32797980613171007,-0.5563976227913049,-0.011942365281746256,2875.257985,83,446550.0
97.8,97.8,68.66,410030000.0,11.06,25.74,0.0,-0.3620498093053898,15.55118,6361.196,3.23,-0.3280278086324032,-0.5391948401395859,-0.8189628803618958,2896.722196,83,446550.0
100.0,97.9,71.38,82050000.0,10.45,26.86,0.0,-0.36224600208551017,14.8652935,6580.7236,3.24,-0.3263210556757431,-0.5649035023896626,-0.07735202914134512,3035.454433,83,446550.0
98.1,97.9,90.81,811630000.0,10.9,27.71,0.0,-0.3550653463331063,19.047619,6730.607,3.18,-0.3255530177660924,-0.4131563272778431,-0.33411610158599975,3226.982794,83,446550.0
99.6,98.0,89.71,413480000.0,10.69,32.38,0.0,-0.3508275822825073,19.009504,7267.464,3.34,-0.3220755071708914,-0.37646289926572174,-0.459600369070325,3235.00066,83,446550.0
70.3106,23.7,36.36,40000.0,51.05,45.23,0.38,-0.3108434936939853,28.659306,3133.7341,5.77,-0.30773345397510427,-0.05988762768222917,-0.07607883243253982,576.1955804,287,796095.0
70.361534,24.4,36.4,360220000.0,51.54,47.33,1.98,-0.30397674638977396,31.256355,3109.8933,5.66,-0.306949414524298,-0.053977172561718564,-0.2398891111545744,544.4942514,287,796095.0
70.40488,25.6,35.57,180000.0,51.39,47.69,1.8,-0.29059639878556787,34.166206,3148.9678,5.61,-0.3056213467394147,0.01051600424012508,-0.48272044412979864,534.3039007,287,796095.0
70.44299,26.7,38.54,2780000.0,50.09,48.18,1.81,-0.2727820943506425,37.816208,3355.3328,5.55,-0.30384525635787746,0.1059895470603544,0.27605660784640873,599.3763305,287,796095.0
70.47822,27.65,43.25,40000.0,47.93,52.87,1.93,-0.2772945282934099,34.841015,3651.1396,5.53,-0.2969169089149617,0.051180188922145764,0.6868942208083468,687.8364127,287,796095.0
70.5129,28.8,42.28,4070000.0,47.96,55.7,2.41,-0.2569689562729444,37.85563,3707.498,5.38,-0.29530616295978845,0.12798033861457014,0.4482409717992967,748.9225893,287,796095.0
70.54947,30.2,41.23,6820000.0,47.04,59.1,2.55,-0.252495760886201,37.334324,3826.2024,5.3,-0.2895405408488247,0.04760758676154949,0.30436550980382815,836.8605262,287,796095.0
70.590546,31.5,40.51,122690000.0,44.85,58.94,2.31,-0.2647774289217333,35.073807,3981.9287,5.35,-0.2821908383377617,0.025253373751170698,0.05687136801599494,908.0950852,287,796095.0
70.63886,32.8,40.33,138060000.0,46.63,57.32,1.74,-0.2681519447398028,34.66317,3915.401,5.17,-0.2843776101303757,-0.12581239655192664,-0.6700372305264605,990.8466112,287,796095.0
70.69711,33.9,39.48,118640000.0,46.43,60.55,2.64,-0.2666608796108884,34.35603,3879.5596,5.1,-0.28278819911538733,-0.09809740441564212,-0.4076665450953645,957.9956753,287,796095.0
70.76802,35.7,39.08,264760000.0,47.4,59.31,2.56,-0.25273119222234536,37.218163,3809.4282,5.1,-0.2851989893800225,-0.07402179594635142,-0.6920242723621242,987.409712,287,796095.0
70.85428,36.9,38.31,253790000.0,46.76,61.62,3.84,-0.2654052458181183,35.02056,3727.3542,5.0,-0.2846229594357085,-0.0542915708895898,-0.4269923431309098,1164.978823,287,796095.0
70.95861,38.2,38.13,1386720000.0,47.2,62.13,5.27,-0.26018651786691765,36.666668,3401.6624,4.89,-0.2834975691023556,-0.6456948684045081,-0.250888755315264,1198.117637,287,796095.0
71.08277,39.6,39.54,244730000.0,48.13,67.27,4.4,-0.25014144752475714,35.890594,3661.0076,4.8,-0.2822975087184685,-0.04501744551239311,-0.04442297563232098,1208.91771,287,796095.0
71.22474,41.0,40.52,552100000.0,47.22,68.28,4.58,-0.24535434368982123,36.38905,3725.9507,4.79,-0.2779346183092803,-0.04719530632402166,0.020168751537554472,1251.175719,287,796095.0
71.381546,42.1,40.74,1232650000.0,45.88,71.17,4.33,-0.23617252158019006,36.636395,3867.1926,4.71,-0.2726596865418993,-0.07402588120704244,0.0332703031535913,1356.667831,287,796095.0
71.550224,43.3,43.22,903830000.0,43.69,82.57,5.44,-0.2408026711910297,33.222805,4163.3916,4.68,-0.2636032331382801,-0.08132982708651323,0.21795378197205095,1368.426961,287,796095.0
70.79,44.8,44.33,3386850000.0,42.09,91.08,8.11,-0.2535552018988507,30.779753,4348.8296,4.65,-0.2541520902749238,-0.19905395069183784,0.22434713463350145,1464.926195,287,796095.0
72.783104,46.3,57.47,99120000.0,43.3,87.95,9.29,-0.21325720486213623,37.133667,4419.1685,4.48,-0.2602964016805384,-0.22061153786747545,0.2898415661063151,1482.213067,287,796095.0
74.12769,47.8,56.71,302840000.0,43.36,86.44,9.07,-0.22165425585128606,36.455193,4400.1157,4.59,-0.25855764235073503,-0.08726887903186063,-0.7992562395090596,1288.556325,287,796095.0
72.4965,43.1,109.35,1070000.0,38.57,3.47,0.0,-0.31759252533012444,82.241554,5528.503,3.32,-0.344929992273898,1.7035948538494792,-0.43953561716745976,1955.588006,26,1285216.0
72.11311,45.7,112.09,190000.0,41.23,2.94,0.0,-0.3120598889307313,85.60235,5407.2314,3.19,-0.34604471503048645,1.9562556383139054,-0.921557970901322,1941.475342,26,1285216.0
74.38269,48.7,112.0,88200000.0,40.21,3.66,0.0,-0.31029415390964843,83.04771,5472.09,3.03,-0.3454100166727985,1.941706440912646,0.20095993594800776,2021.240038,26,1285216.0
74.38097,51.2,112.52,280000.0,40.91,4.05,0.0,-0.3082929875524211,81.992,5345.9004,2.86,-0.3457140318047082,2.0457795408600576,-0.09814666588234051,2145.643889,26,1285216.0
75.69236,53.8,112.37,110000.0,37.83,6.36,0.0,-0.3120206503747073,73.333336,5642.6665,2.96,-0.3435379223512618,1.6870487143243351,0.08597776327740934,2417.034363,26,1285216.0
77.173645,56.2,116.85,290000.0,38.35,7.29,0.0,-0.30982329123735963,71.23125,5816.902,2.95,-0.3435112537293668,1.6494314671364487,0.393987027706399,2729.499172,26,1285216.0
80.15727,58.3,116.22,7550000.0,38.7,7.1,0.0,-0.3036235993855574,73.43808,5834.625,2.65,-0.34375126621683155,1.8396667169446705,0.682724860455282,3154.331349,26,1285216.0
81.98813,60.3,115.47,730000.0,36.05,9.68,0.0,-0.3042906548379665,66.78105,6303.5713,2.6,-0.3421671858594012,1.5821752367721602,0.9124192940034273,3606.070689,26,1285216.0
84.678345,62.3,115.22,970000.0,33.71,12.88,0.0,-0.3055462886307366,59.77514,6757.0254,2.62,-0.3397777325350514,1.3305512747965713,1.0535989550377152,4220.616378,26,1285216.0
86.42432,63.8,116.8,1520000.0,32.92,11.97,0.0,-0.30334892949338893,62.203983,6840.561,2.62,-0.33824165671041634,1.3565749690067899,-0.8106136376969745,4196.311627,26,1285216.0
88.12306,65.9,121.13,91150000.0,32.17,14.15,0.0,-0.30166167158435414,58.722286,7707.48,2.51,-0.3361988862809061,1.0964480788252609,0.8692588439452879,5082.353706,26,1285216.0
89.70749,67.5,120.94,223960000.0,30.63,15.65,0.0,-0.294912639948215,58.266666,8431.997,2.72,-0.3343694607303499,1.0248031946341853,0.40376733476418963,5869.323882,26,1285216.0
91.09951,69.7,125.33,238880000.0,30.8,16.72,0.0,-0.29554045684460006,56.46967,8629.543,2.75,-0.3345348031192781,0.99618519313986,0.36024962187534815,6528.971775,26,1285216.0
92.13537,71.7,128.99,292670000.0,28.35,18.8,0.0,-0.2909887843458085,54.861942,8741.407,2.5,-0.33366542547047784,1.0066621359862156,0.293579096468024,6756.752996,26,1285216.0
92.91999,73.7,136.2,279440000.0,28.56,20.41,0.0,-0.2901647746693032,53.048077,8856.475,2.57,-0.3318413346630185,0.9903205096136217,-0.5120112523474927,6672.877373,26,1285216.0
93.85218,75.8,154.29,84640000.0,27.43,21.39,0.0,-0.2831018345849715,53.75135,9171.356,2.57,-0.3311052970568724,0.9973059719045304,-0.3100339812266131,6229.100674,26,1285216.0
94.2,77.7,185.3,102310000.0,27.2,23.9,0.0,-0.27882483197834845,52.05617,9602.029,2.57,-0.3298732343320449,0.876597690423445,-0.1472905581393519,6204.996457,26,1285216.0
94.8,79.6,189.85,548830000.0,27.59,21.62,0.0,-0.25963717808258074,58.787647,9605.62,2.54,-0.3312546372539456,1.17633393430205,-0.4802835620020532,6710.507602,26,1285216.0
95.2,81.5,194.51,68750000.0,27.89,21.4,0.0,-0.250062970412709,60.863205,9887.749,2.56,-0.33108396216469,1.2283238789548119,-0.14361397653790647,6957.793411,26,1285216.0
95.55136,83.25,203.26,1090000.0,27.12,22.16,0.0,-0.24562901358198969,60.827293,9949.632,2.6,-0.3299319042761624,1.2138114488997716,-0.5533735798041373,7027.612207,26,1285216.0
74.66169,37.9,48.53,12130000.0,33.42,24.29,0.0,-0.30464380184218304,44.365555,3945.0947,4.72,-0.32174482565719936,0.5446523341578078,-0.0476616689972025,1072.801752,368,300000.0
75.722946,39.15,48.53,30000.0,32.12,27.72,0.0,-0.31198141181868316,38.699688,3776.7449,4.36,-0.32260886913359804,0.40741984016304195,-0.3571603559587209,990.5659913,368,300000.0
76.77662,39.6,50.08,50390000.0,31.42,29.29,0.0,-0.313080091387357,37.024296,3717.366,4.26,-0.32202750671296776,0.385974139106737,-0.2023212157876794,1036.158331,368,300000.0
76.6,40.1,54.3,29150000.0,30.67,33.03,0.0,-0.31143207203434625,34.8135,3758.5122,4.06,-0.3209287860628966,0.36366636467196795,0.11585530899185437,1048.008205,368,300000.0
87.6,40.9,53.26,5840000.0,29.96,34.83,0.0,-0.3068019224235066,35.079216,3771.797,3.78,-0.32012341106387493,0.3993749613904947,0.45995225735069106,1121.490006,368,300000.0
79.91562,40.9,52.65,11820000.0,31.17,35.94,0.0,-0.3090385201168783,33.677803,3713.3245,3.7,-0.3193073706535311,0.3547457394035418,0.08233369605375394,1244.348741,368,300000.0
80.18,41.4,51.72,27510000.0,33.24,34.12,0.0,-0.3006414691277285,37.405983,3471.6638,3.49,-0.32314756225522134,0.5521346975450073,0.16913148856756127,1452.438089,368,300000.0
82.01391,40.9,50.86,167610000.0,32.57,38.29,0.0,-0.3068803995355548,32.930458,3535.2363,3.33,-0.32114746161540947,0.364141338756795,0.4483601672746777,1744.639979,368,300000.0
84.3,40.9,49.67,3860000.0,33.98,39.1,0.0,-0.3011515703560413,34.130726,3563.5925,3.22,-0.31950471131386154,0.38495065624464553,-0.7287863779393265,1904.196388,368,300000.0
85.397644,40.7,51.19,80870000.0,32.59,46.55,0.0,-0.309430905677119,28.052551,3601.5786,3.14,-0.3165018950146976,0.17713869737247903,0.6375981335371371,2217.472153,368,300000.0
87.2,40.6,50.41,810000.0,33.69,49.04,0.0,-0.30181862580845037,29.06119,3608.626,3.06,-0.31612854452734823,0.280951591225675,-0.1693632696627524,2450.735694,368,300000.0
87.08,40.7,49.88,1300000.0,34.06,51.82,0.0,-0.2980124858741161,28.896818,3668.3667,2.99,-0.31423511428957757,0.2914031887812129,0.5360281058402194,2694.305109,368,300000.0
87.5,40.9,49.12,53290000.0,33.05,55.06,0.0,-0.30146547880423386,26.82084,3865.761,2.89,-0.3092641976647736,0.14879236571410362,0.5020388828653516,2871.429701,368,300000.0
89.72037,42.0,52.54,9290000.0,32.33,57.07,0.0,-0.30146547880423386,26.122978,4002.7449,2.9,-0.30589336154648544,0.07892419474660302,0.4085945897194018,2959.645435,368,300000.0
89.08,42.2,55.08,22760000.0,30.75,60.82,0.0,-0.2959328424048407,26.198277,4314.0645,2.96,-0.3009917802984555,0.03653978182301058,0.40866939133586294,3001.043182,368,300000.0
92.066505,43.3,60.51,98890000.0,28.45,68.44,0.0,-0.29283299647893957,24.642149,4629.1177,2.93,-0.2951514880302855,-0.007226783176807947,0.5946432274032846,3073.654686,368,300000.0
93.0,44.1,61.08,1510000.0,27.68,71.03,0.0,-0.28902685654460525,24.740412,4989.8896,2.89,-0.2889965111813471,-0.04655358690486899,0.5439291771761473,3123.245642,368,300000.0
94.448265,45.4,61.82,177920000.0,27.51,76.05,0.0,-0.2875357914156908,23.782322,5040.644,2.81,-0.2862923712227923,-0.07174839005815419,0.40708527187061083,3252.110274,368,300000.0
95.64508,46.5,62.55,2000000.0,26.73,83.3,0.0,-0.291263454237977,21.47436,5104.391,2.68,-0.2826388589076469,-0.15300739336311628,0.3553285934183055,3485.340844,368,300000.0
72.28246,55.9,27.76,7020000.0,16.25,181.67,13.01,-0.3736251833324889,7.5329566,25321.518,10.07,-0.2083737877909591,-0.9718678455249031,-0.09002733034997203,3374.718423,49,1219090.0
70.2,57.8,28.16,1240000.0,15.62,183.36,10.72,-0.3709962000788766,6.706014,25228.531,9.48,-0.1892368248692396,-0.9606312084341795,-0.43822902466630925,2971.819769,49,1219090.0
76.7,60.0,27.88,25560000.0,13.88,188.79,11.99,-0.3696228506180343,7.269512,24361.893,8.67,-0.18348719833646462,-0.9511929431185058,-0.20600764987212616,2797.087291,49,1219090.0
80.9,64.4,20.04,40000.0,12.29,212.63,14.28,-0.3754301569095959,6.8392916,28271.896,9.88,-0.15752856795301917,-0.9811700374767738,-0.007721757067615024,5409.133489,49,1219090.0
80.8,66.8,19.79,13110000.0,10.98,215.23,12.24,-0.3737821375565852,6.103307,26508.63,9.03,-0.15877662877882912,-0.9719699395244774,0.15999355049478206,6033.101491,49,1219090.0
80.7,69.0,19.54,7770000.0,10.74,223.25,10.07,-0.3677786384849033,5.642434,26793.564,8.72,-0.15763523022665135,-0.9451567686857271,0.23584452754465743,6266.533987,49,1219090.0
82.0,71.4,19.38,1150000.0,10.36,232.91,12.6,-0.37554787257766814,5.6318626,27245.98,9.01,-0.1484241058937305,-0.9471202591943665,0.17935869044693514,6780.884555,49,1219090.0
81.9,73.5,19.23,1170000.0,11.55,226.32,12.75,-0.3741352845608018,5.9859595,28867.244,9.47,-0.13259397997669847,-0.9764623156190281,-0.3242408160163825,6350.65271,49,1219090.0
82.6,75.4,19.32,100000.0,10.97,218.17,11.57,-0.3733505134403205,5.798791,28399.283,9.74,-0.1446159064884703,-0.9733437251535538,-1.4220355689908781,6532.736968,49,1219090.0
82.9,77.1,19.38,261160000.0,11.77,227.57,12.9,-0.37080000729875623,6.342086,28247.576,8.83,-0.13335668107381476,-0.9794154471904308,-0.35936531486610473,8148.961202,49,1219090.0
83.6,78.8,19.17,265140000.0,11.36,229.06,12.94,-0.3708784844108044,6.311096,27552.764,8.7,-0.14191710530521529,-0.9474573598995061,-0.32946096458524904,8810.930651,49,1219090.0
85.3,80.2,18.98,484730000.0,10.6,226.84,12.4,-0.3741352845608018,5.836447,26770.203,8.14,-0.13257264098297633,-0.9794328537358811,-0.5087439567669212,8222.197279,49,1219090.0
85.2,81.5,27.93,409200000.0,9.77,223.28,13.61,-0.37429223878489803,6.3854766,26525.145,7.88,-0.12716436106586668,-0.9747779242847098,-0.48802929336608175,7467.079185,49,1219090.0
85.9,82.65,49.69,202270000.0,9.85,218.42,14.76,-0.36738625292466265,7.668245,26411.893,8.2,-0.1212920766279347,-0.9374733037555174,-0.736794230199569,6988.808739,49,1219090.0
85.3,83.4,61.91,725580000.0,10.28,214.88,10.97,-0.35675260424214106,7.3553505,25352.562,7.58,-0.13362336115912302,-0.9035767327537421,-0.7581422938383183,6259.839681,49,1219090.0
83.9,84.4,82.73,201750000.0,10.53,213.09,15.21,-0.35047443527829075,9.703801,26236.475,7.91,-0.13344734323569668,-0.8705318594020025,-0.9107265810490962,5756.965741,49,1219090.0
84.4,85.2,114.85,26330000.0,10.45,212.77,15.09,-0.3412533746126355,10.563262,26033.504,7.86,-0.12784173888307293,-0.805070192349328,-0.7961926804538482,6690.939847,49,1219090.0
84.7,85.7,136.82,378180000.0,10.19,214.25,10.56,-0.3326993693993894,9.610598,24742.117,7.73,-0.1285351005978803,-0.7839792586663344,-0.7196648143994133,7005.095413,49,1219090.0
85.0,86.3,136.8,164100000.0,10.5,208.39,13.6,-0.3313260199385471,11.15706,25511.209,8.03,-0.12571362076175763,-0.7851649430523914,-1.0387484148059527,6624.761865,49,1219090.0
70.2628,16.9,61.59,1470000.0,64.16,3.28,0.0,-0.368210262601168,49.14729,2851.8083,3.12,-0.3543704672938098,0.4713218213820337,0.3278223998977206,869.696285,341,65610.0
63.6,17.5,61.78,3810000.0,62.93,3.44,0.0,-0.3685241710493605,47.32006,2750.116,3.06,-0.3544131361074591,0.46403296595531934,-1.423734560891412,832.8035723,341,65610.0
80.7,17.9,61.89,388260000.0,62.1,4.12,0.0,-0.37013295184634715,39.411762,2799.956,3.0,-0.3541251214339837,0.22474815871983603,-0.14465421377810844,867.4914868,341,65610.0
74.99882,18.5,65.33,40000.0,61.31,4.14,0.0,-0.3678178770409274,44.129555,2852.4663,3.0,-0.3535810943213014,0.45422408829093974,0.31394909683252914,982.195697,341,65610.0
76.56858,18.7,66.56,130000.0,61.61,4.94,0.0,-0.3691127493897215,37.309643,2745.2893,2.88,-0.3533357486214834,0.3303935004246047,0.1989943002433884,1065.784437,341,65610.0
78.13781,19.5,66.64,24750000.0,60.08,5.5,0.0,-0.3671900601445423,38.409855,3140.5315,2.78,-0.3527437190187752,0.334710287012297,0.38393275485929934,1248.698185,341,65610.0
82.05,19.8,67.32,90000.0,62.18,4.55,0.0,-0.3655028022355075,45.897743,3338.2832,2.6,-0.3535864280456804,0.6583871590120561,0.7150827461902389,1435.816813,341,65610.0
80.0,20.3,67.2,38210000.0,60.2,5.57,0.0,-0.365188893787315,41.430073,3358.7993,2.48,-0.3529517291599659,0.3806864778099332,0.5127855053364971,1630.388906,341,65610.0
82.86739,20.9,68.42,120000.0,61.58,5.46,0.0,-0.3643256455547856,43.243244,3134.0298,2.28,-0.3533677499490395,0.5255837545876506,0.3162284406750132,2037.322103,341,65610.0
87.09,21.3,69.79,11750000.0,63.51,5.67,0.0,-0.365188893787315,40.998962,3147.0713,2.24,-0.35364509748310574,0.41304599448852725,-0.2434886259714717,2090.401826,341,65610.0
85.3,21.7,71.14,44570000.0,61.85,4.76,0.0,-0.3583221464831037,54.44976,3368.2034,2.21,-0.3532290766940322,0.9030966922091591,0.7957902048527211,2799.648738,341,65610.0
87.76,22.3,72.11,7090000.0,59.25,6.47,0.0,-0.36212828641743794,42.180515,3623.197,2.21,-0.35197568008507296,0.43092467935293566,0.8860361101405518,3200.861132,341,65610.0
87.0,23.0,82.19,225580000.0,60.7,7.89,0.0,-0.36699386736442197,30.606861,3708.9927,2.18,-0.35121297488108333,0.016266300467015705,1.0577782911371807,3350.521876,341,65610.0
90.2,24.0,83.7,2340000.0,59.88,4.52,0.0,-0.3526325558596143,61.234993,3748.5815,1.87,-0.35247703893346694,1.0622511119350642,-0.2767254997598482,3610.289363,341,65610.0
92.660515,24.8,88.37,119750000.0,57.31,7.1,0.0,-0.36153970807707697,40.685043,4007.7144,1.93,-0.35081295475312096,0.2976762316312148,0.08655749263473077,3819.25353,341,65610.0
94.35187,25.75,89.82,450000.0,52.89,6.38,0.0,-0.35577164034153946,49.842766,4476.9307,1.94,-0.34934088055954665,0.5079414312346491,0.09746379947424522,3843.780672,341,65610.0
97.5,26.9,92.86,61260000.0,50.92,9.01,0.0,-0.3622852406415342,34.185535,4878.142,1.91,-0.3485035052516868,0.014287533584572085,-0.023489577730619278,3886.291502,341,65610.0
97.5,28.2,96.99,211630000.0,49.33,10.1,0.0,-0.3626383876457508,31.245747,4726.284,1.81,-0.3477408000476972,0.019228031095309732,-0.2343755780521889,4077.043841,341,65610.0
99.56487,29.4,101.89,200450000.0,51.4,7.92,0.0,-0.3530249414198549,47.058823,4876.866,1.76,-0.34863151157529554,0.5000772210318438,-0.305448000796459,4059.20823,341,65610.0
99.75857,30.6,103.77,170000.0,49.91,10.18,0.0,-0.35824366937105556,35.934547,4973.5986,1.78,-0.34751678873336944,0.1733055556269987,-0.5414878821133862,3852.265603,341,65610.0
82.1,56.9,56.77,150000.0,21.82,83.15,0.0,-0.35561468611744323,7.126103,11764.549,4.93,-0.27246767949394224,-0.7910282759414214,-0.030775695393717672,2007.735271,137,513120.0
90.45138,58.6,56.24,6490000.0,19.89,88.97,0.0,-0.35412362098852873,7.061527,12293.458,4.9,-0.2678434468146973,-0.7912918919777236,-0.26546318059798213,1893.264239,137,513120.0
91.08022,61.1,55.92,10660000.0,19.91,93.51,0.0,-0.34898337014937625,7.944477,13208.064,5.1,-0.2619338131907857,-0.7707333511354323,0.3624111061762842,2096.187802,137,513120.0
91.70383,63.0,55.6,3650000.0,20.21,100.61,0.0,-0.34784545202467837,7.6718354,14080.671,5.15,-0.2578322803057551,-0.7786808923190669,0.6038790575075318,2359.116831,137,513120.0
92.32455,64.6,57.08,1520000.0,19.89,109.46,0.0,-0.35070986661443515,6.516355,15161.756,5.24,-0.2480931184167044,-0.8128102022898608,0.39498098522730574,2660.126835,137,513120.0
99.1462,68.2,61.55,100000.0,20.53,119.41,0.0,-0.3421166228451649,7.598855,15733.904,5.03,-0.24292485703003022,-0.7574110075432751,0.08820803830502869,3369.543198,137,513120.0
94.19337,69.6,66.31,440000.0,21.61,122.12,0.0,-0.34062555771625047,7.708585,16149.867,4.95,-0.24041273521332404,-0.7608674048803798,0.1966939435893385,3973.017172,137,513120.0
94.82717,71.1,69.67,4660000.0,22.63,127.43,0.0,-0.34553037721925856,6.562546,16027.417,4.99,-0.23881798536969984,-0.7598743030182024,-0.6643978988839017,4379.658787,137,513120.0
98.96,72.6,70.66,1720000.0,22.83,128.09,0.0,-0.34498103743492164,6.626331,16344.104,5.0,-0.2427221857121417,-0.7513834888608011,-1.2253083662497655,4213.006654,137,513120.0
99.7,73.6,71.57,4140000.0,22.83,141.72,0.0,-0.34698220379214895,5.708583,17299.504,5.1,-0.2351911345560912,-0.7716974309721701,0.6791248005866664,5076.339872,137,513120.0
99.35184,74.7,74.96,288270000.0,22.96,135.31,0.0,-0.33422967308432794,8.039962,17644.098,5.05,-0.23560715484913983,-0.7174326964449363,-0.8699684643144808,5492.1215,137,513120.0
99.10863,75.9,84.0,119370000.0,23.56,143.73,0.0,-0.3279907426765016,8.539612,18817.51,5.05,-0.22649737028203654,-0.6913174757207066,0.6163105309441455,5860.581471,137,513120.0
99.440575,77.1,98.33,54650000.0,23.21,148.29,0.0,-0.3322677452831247,7.6765037,18809.137,5.28,-0.22115309097193603,-0.6839322915143522,-0.44113173543095535,6168.261356,137,513120.0
99.461945,77.9,108.21,4370000.0,24.41,149.26,0.0,-0.3269705402198759,8.395728,19310.582,5.2,-0.22323320865132848,-0.6505965225896145,-0.8364629232059071,5951.883487,137,513120.0
99.6,78.9,115.96,55520000.0,22.65,153.4,0.0,-0.3283438896807182,7.994962,19661.768,5.07,-0.21939300891589572,-0.6562670395112971,-0.3374716997233841,5840.053067,137,513120.0
99.84996,80.1,136.9,420000.0,22.43,161.79,0.0,-0.3179849108903651,8.984024,19981.582,5.02,-0.22067307007187822,-0.6221681022031507,-0.2675735830139927,5993.305516,137,513120.0
99.9,80.8,148.0,1990000.0,22.25,161.88,0.0,-0.3024856812608595,10.957095,20264.654,4.79,-0.22215581070615986,-0.5632777520545199,-0.09520833222731402,6593.818352,137,513120.0
99.82,81.7,163.82,296130000.0,23.7,156.26,0.0,-0.27925645609461314,14.190005,20834.088,4.5,-0.22309986860867437,-0.47374426165164396,-0.09244489587267096,7296.879608,137,513120.0
99.9,82.7,170.3,99160000.0,23.96,162.59,0.0,-0.2707024508813671,14.700173,20792.385,4.52,-0.21774492796212339,-0.425721747099362,-0.5388747112712874,7817.009671,137,513120.0
99.596054,99.8,0.24,30000.0,0.08,15.02,0.0,-0.3806488848607965,0.0,44702.367,20.74,-0.3322573549454,-1.005363351227447,0.3510281752866802,4036.456805,13,488100.0
99.912094,99.9,0.22,5940000.0,0.06,17.74,0.0,-0.3806488848607965,0.0,48244.71,17.83,-0.322747542127259,-1.005257293357785,1.3027794689681507,7304.285771,13,488100.0
99.935104,99.9,0.22,50000.0,0.05,19.18,0.0,-0.3806488848607965,0.0,49096.004,16.5,-0.3221181769605898,-1.0051705745286255,1.3259928850629505,7962.244925,13,488100.0
100.0,99.9,0.22,120000.0,0.05,21.18,0.0,-0.3806488848607965,0.0,57717.438,16.0,-0.32105145661935686,-1.0051153174592646,0.4438819127882359,6432.685325,13,488100.0
99.9899,99.9,0.21,80000.0,0.05,21.18,0.0,-0.3806488848607965,0.0,56153.7,15.04,-0.32108346099773316,-1.004993734598505,0.37424158697092536,6387.682575,13,488100.0
99.99625,99.9,0.21,60000.0,0.06,21.18,0.0,-0.3806488848607965,0.0,54625.52,14.13,-0.3212007968164301,-1.0049921762799832,0.44388194459065744,6587.092604,13,488100.0
100.0,99.9,0.2,0.0,0.06,21.18,0.0,-0.3806488848607965,0.0,59849.832,13.33,-0.32123813186836514,-1.0050660182006992,0.37424158116756373,6967.375043,13,488100.0
99.9,99.9,0.2,40000.0,0.06,21.18,0.0,-0.3806488848607965,0.0,57961.055,12.87,-0.3213341368590842,-1.0051177641135551,0.39745504113577723,7612.03518,13,488100.0
99.7045,84.6,67.15,220000.0,1.05,38.48,0.0,-0.3456480928873307,18.818565,21485.61,23.29,-0.2936154122323185,-0.7289154304734115,0.6641776792456265,465.1198869,79,447400.0
99.774536,85.3,62.86,25500000.0,0.9,40.0,0.0,-0.3625599105337027,10.334005,20663.172,17.64,-0.29482080328443083,-0.7359251792222645,1.134018922828552,830.4076942,79,447400.0
99.98982,85.8,61.88,94470000.0,1.34,43.56,0.0,-0.3547906764409378,13.140578,18406.984,11.04,-0.2998557245751149,-0.7381724394420397,0.5837301538441816,2267.623275,79,447400.0
99.99887,85.5,60.9,196820000.0,1.19,45.97,0.0,-0.3584791007071999,10.945371,18200.295,10.15,-0.30053842495347177,-0.7444350023477793,0.6287887258519367,2419.718703,79,447400.0
100.0,85.35,60.83,270000.0,1.71,47.55,0.0,-0.3531818956439512,12.832264,17386.195,7.86,-0.3073067668146602,-0.7544791076552919,0.6107340357793011,2753.971072,79,447400.0
100.0,85.2,59.88,690000.0,1.61,48.75,0.0,-0.35220093174334954,12.946428,16374.342,7.82,-0.3040746013912506,-0.7082119962728576,0.3120645647307647,2704.677188,79,447400.0
100.0,84.9,58.24,60130000.0,1.75,49.71,0.0,-0.3478846905807025,14.381675,16642.676,7.88,-0.30178115511105646,-0.6745002999918825,-0.04469735856725933,1916.764642,79,447400.0
100.0,84.3,59.09,84130000.0,1.49,53.58,0.0,-0.35769432958671865,9.8435135,16445.74,9.05,-0.30021307492937965,-0.7616457721010124,0.17808725146028145,1597.068337,79,447400.0
100.0,84.6,57.96,65940000.0,1.57,53.64,0.0,-0.3552615391132266,10.7636,16212.221,8.37,-0.29795162892602206,-0.7391351936533697,0.2604103341808929,1784.009816,79,447400.0
